{"cameraMode":{"drawMode":0,"name":"Shaded","section":"Shading Mode"},"sceneLighting":false,"audioPlay":false,"sceneViewState":{"showFog":true,"showMaterialUpdate":true,"showSkybox":true,"showFlares":true,"showImageEffects":true,"showParticleSystems":true},"in2DMode":false,"pivot":{"x":334.6395263671875,"y":0.8000002503395081,"z":300.2544250488281},"rotation":{"x":0.08423358201980591,"y":-0.88189697265625,"z":0.17254646122455598,"w":0.43056976795196535},"size":2.988250494003296,"orthographic":false}