{"cameraMode":{"drawMode":0,"name":"Shaded","section":"Shading Mode"},"sceneLighting":false,"audioPlay":false,"sceneViewState":{"showFog":true,"showMaterialUpdate":true,"showSkybox":true,"showFlares":true,"showImageEffects":true,"showParticleSystems":true},"in2DMode":false,"pivot":{"x":1.0499999523162842,"y":0.5,"z":3.8299999237060549},"rotation":{"x":0.3088654577732086,"y":-0.13633519411087037,"z":0.04478619620203972,"w":0.9402175545692444},"size":1.4289418458938599,"orthographic":false}